name,tag0,tag1,tag2,tag3,tag4,tag5,tag6,tag7,tag8,tag9,tag10,tag11,tag12,tag13
0001.mat, null,blouse,hair,shoes,skin,skirt,stockings,sunglasses,vest,,,,,
0002.mat, null,dress,hair,jacket,pumps,skin,socks,,,,,,,
0003.mat, null,bag,belt,blouse,boots,coat,dress,hair,jacket,necklace,pants,purse,skin,sunglasses
0004.mat, null,bag,coat,glasses,hat,pants,shirt,shoes,skin,sweater,,,,
0005.mat, null,cape,dress,hair,purse,shoes,skin,sunglasses,vest,,,,,
0006.mat, null,blazer,hair,leggings,purse,shoes,skin,skirt,vest,,,,,
0007.mat, null,blouse,hair,purse,shoes,skin,skirt,,,,,,,
0008.mat, null,belt,hair,pants,shirt,shoes,skin,socks,suit,sweater,,,,
0009.mat, null,bag,coat,dress,hair,shoes,skin,stockings,sunglasses,sweater,,,,
0010.mat, null,blouse,dress,hair,shoes,skin,,,,,,,,
0011.mat, null,accessories,coat,dress,glasses,hair,purse,shoes,skin,socks,,,,
0012.mat, null,blouse,hair,shoes,skin,skirt,,,,,,,,
0013.mat, null,bag,belt,coat,hair,pants,shoes,skin,sweater,,,,,
0014.mat, null,belt,dress,hair,heels,purse,skin,sunglasses,,,,,,
0015.mat, null,blouse,hair,necklace,pants,shoes,skin,,,,,,,
0016.mat, null,bag,coat,hair,hat,jeans,pumps,skin,sweater,,,,,
0017.mat, null,bag,blouse,hair,shoes,skin,skirt,sunglasses,,,,,,
0018.mat, null,accessories,belt,hair,shirt,shoes,skin,skirt,,,,,,
0019.mat, null,accessories,hair,necklace,pants,shoes,skin,vest,,,,,,
0020.mat, null,bag,belt,coat,hair,shoes,skin,stockings,sweater,,,,,
0021.mat, null,accessories,belt,hair,pants,shirt,shoes,skin,sunglasses,,,,,
0022.mat, null,belt,boots,coat,hair,pants,skin,sweater,wallet,,,,,
0023.mat, null,bag,dress,hair,skin,wedges,,,,,,,,
0024.mat, null,bag,blouse,hair,romper,shoes,skin,,,,,,,
0025.mat, null,dress,hair,shoes,skin,,,,,,,,,
0026.mat, null,accessories,hair,jeans,shoes,skin,sunglasses,sweater,,,,,,
0027.mat, null,hair,romper,shoes,skin,sunglasses,,,,,,,,
0028.mat, null,belt,hair,pants,shirt,shoes,skin,,,,,,,
0029.mat, null,bag,dress,hair,sandals,skin,,,,,,,,
0030.mat, null,accessories,bag,coat,hair,pants,shoes,skin,,,,,,
0031.mat, null,bag,blouse,dress,hair,shoes,skin,,,,,,,
0032.mat, null,accessories,blazer,blouse,hair,pants,shoes,skin,,,,,,
0033.mat, null,bag,bracelet,hair,necklace,shoes,shorts,skin,sunglasses,t-shirt,,,,
0034.mat, null,bag,blouse,dress,hair,jacket,shoes,skin,,,,,,
0035.mat, null,bag,belt,coat,glasses,hair,loafers,pants,shirt,skin,suit,watch,,
0036.mat, null,bag,hair,heels,skin,skirt,t-shirt,watch,,,,,,
0037.mat, null,bag,hair,jacket,pants,shoes,skin,sweater,,,,,,
0038.mat, null,accessories,bag,blouse,cape,dress,hair,shoes,skin,stockings,,,,
0039.mat, null,hair,jeans,shoes,skin,vest,,,,,,,,
0040.mat, null,bag,boots,coat,hair,skin,skirt,stockings,sweater,,,,,
0041.mat, null,bag,bodysuit,coat,hair,shoes,skin,,,,,,,
0042.mat, null,blouse,hair,purse,shoes,skin,skirt,stockings,,,,,,
0043.mat, null,coat,hat,pants,skin,sneakers,top,,,,,,,
0044.mat, null,bag,dress,hair,jacket,shoes,skin,sunglasses,,,,,,
0045.mat, null,bag,blouse,dress,hair,shoes,skin,sunglasses,,,,,,
0046.mat, null,belt,hair,jacket,jeans,shirt,shoes,skin,sunglasses,tie,,,,
0047.mat, null,bag,belt,blouse,bracelet,dress,hair,heels,skin,,,,,
0048.mat, null,bag,belt,hat,jeans,shirt,skin,sneakers,watch,,,,,
0049.mat, null,hair,purse,shoes,skin,skirt,sunglasses,t-shirt,,,,,,
0050.mat, null,blouse,coat,hair,jeans,necklace,purse,shoes,skin,,,,,
0051.mat, null,hair,hat,jacket,jeans,shoes,skin,sunglasses,t-shirt,,,,,
0052.mat, null,belt,dress,hat,leggings,purse,shoes,skin,sunglasses,,,,,
0053.mat, null,dress,hair,purse,shoes,skin,sunglasses,vest,,,,,,
0054.mat, null,accessories,hair,jacket,purse,shirt,shoes,skin,sunglasses,,,,,
0055.mat, null,belt,hair,hat,pants,shoes,skin,sunglasses,t-shirt,,,,,
0056.mat, null,blazer,hair,jeans,scarf,shoes,skin,tights,,,,,,
0057.mat, null,accessories,belt,blouse,dress,hair,purse,ring,shoes,skin,stockings,,,
0058.mat, null,accessories,belt,hair,pants,purse,shirt,shoes,skin,sweater,,,,
0059.mat, null,accessories,blouse,hair,pants,purse,shoes,skin,sweatshirt,,,,,
0060.mat, null,belt,coat,hair,pants,purse,shirt,shoes,skin,sunglasses,,,,
0061.mat, null,bag,glasses,hair,shirt,shoes,shorts,skin,,,,,,
0062.mat, null,coat,flats,hair,purse,shirt,skin,skirt,stockings,tie,,,,
0063.mat, null,blouse,hair,leggings,purse,scarf,shoes,skin,skirt,socks,,,,
0064.mat, null,bracelet,cape,hair,hat,heels,leggings,purse,skin,socks,,,,
0065.mat, null,coat,hair,loafers,pants,shirt,skin,sunglasses,sweater,wallet,,,,
0066.mat, null,dress,hair,purse,shoes,skin,,,,,,,,
0067.mat, null,bag,coat,hair,pumps,shirt,skin,stockings,,,,,,
0068.mat, null,belt,coat,hair,shoes,skin,skirt,,,,,,,
0069.mat, null,accessories,blazer,hair,hat,pants,purse,shirt,skin,sunglasses,,,,
0070.mat, null,blazer,blouse,hair,jeans,shoes,skin,sunglasses,,,,,,
0071.mat, null,accessories,belt,hair,hat,jeans,shirt,shoes,skin,,,,,
0072.mat, null,accessories,glasses,hair,jacket,purse,shirt,shoes,skin,skirt,,,,
0073.mat, null,accessories,blazer,blouse,hair,leggings,purse,shoes,skin,,,,,
0074.mat, null,dress,hair,leggings,purse,shoes,skin,,,,,,,
0075.mat, null,bag,blazer,flats,hair,scarf,skin,stockings,sweater,watch,,,,
0076.mat, null,blouse,hair,leggings,scarf,shoes,skin,sunglasses,,,,,,
0077.mat, null,accessories,blouse,hair,hat,purse,skin,skirt,,,,,,
0078.mat, null,hair,jeans,purse,shirt,shoes,skin,,,,,,,
0079.mat, null,accessories,blouse,hair,purse,shoes,skin,skirt,sunglasses,,,,,
0080.mat, null,accessories,belt,hair,pants,shirt,shoes,skin,sunglasses,,,,,
0081.mat, null,blouse,hair,pants,shoes,skin,,,,,,,,
0082.mat, null,accessories,dress,hair,necklace,shoes,skin,,,,,,,
0083.mat, null,blouse,hair,pants,purse,shoes,skin,sunglasses,,,,,,
0084.mat, null,belt,hair,jeans,purse,shoes,skin,vest,,,,,,
0085.mat, null,accessories,belt,blazer,hair,necklace,pants,purse,shirt,shoes,skin,,,
0086.mat, null,coat,hair,pants,scarf,shoes,skin,sweater,vest,,,,,
0087.mat, null,hair,jeans,purse,shirt,shoes,skin,skirt,suit,,,,,
0088.mat, null,blouse,hair,jeans,purse,scarf,shoes,skin,,,,,,
0089.mat, null,accessories,blazer,blouse,hair,purse,shoes,skin,skirt,stockings,,,,
0090.mat, null,accessories,coat,gloves,hair,scarf,shoes,skin,skirt,stockings,sunglasses,,,
0091.mat, null,dress,hair,pants,shoes,skin,,,,,,,,
0092.mat, null,dress,glasses,hair,leggings,shoes,skin,,,,,,,
0093.mat, null,blouse,hair,purse,shoes,skin,skirt,,,,,,,
0094.mat, null,belt,blouse,hair,jacket,scarf,shoes,skin,skirt,stockings,,,,
0095.mat, null,dress,hair,jacket,purse,shoes,skin,,,,,,,
0096.mat, null,bag,blazer,bracelet,hair,pants,shoes,skin,skirt,sunglasses,vest,watch,,
0097.mat, null,blazer,blouse,hair,pants,purse,shoes,skin,,,,,,
0098.mat, null,bag,belt,cape,coat,dress,hair,hat,pumps,skin,stockings,,,
0099.mat, null,accessories,bag,blouse,hair,shoes,skin,skirt,sunglasses,,,,,
0100.mat, null,bag,boots,coat,hair,scarf,skin,skirt,stockings,sunglasses,sweater,top,watch,
0101.mat, null,accessories,hair,pants,shoes,skin,sunglasses,sweater,,,,,,
0102.mat, null,bag,dress,hair,shoes,skin,,,,,,,,
0103.mat, null,accessories,belt,blouse,coat,hair,jeans,shoes,skin,,,,,
0104.mat, null,bag,blouse,coat,hair,shoes,skin,skirt,stockings,sunglasses,,,,
0105.mat, null,coat,hair,pants,sandals,skin,t-shirt,wallet,,,,,,
0106.mat, null,bag,blouse,hair,hat,jeans,loafers,skin,socks,sunglasses,sweater,vest,,
0107.mat, null,bag,dress,hair,heels,skin,,,,,,,,
0108.mat, null,bag,dress,hair,shoes,skin,sunglasses,,,,,,,
0109.mat, null,cape,coat,gloves,hair,pumps,skin,,,,,,,
0110.mat, null,bag,dress,flats,hair,skin,,,,,,,,
0111.mat, null,hair,jacket,jeans,shoes,skin,sweater,,,,,,,
0112.mat, null,coat,dress,hair,loafers,scarf,skin,top,,,,,,
0113.mat, null,belt,blazer,hair,pants,sandals,skin,t-shirt,,,,,,
0114.mat, null,bag,boots,hair,hoodie,shorts,skin,socks,sunglasses,,,,,
0115.mat, null,boots,coat,hair,pants,scarf,skin,,,,,,,
0116.mat, null,bag,blouse,boots,coat,hair,necklace,skin,skirt,stockings,sunglasses,sweater,,
0117.mat, null,bag,coat,dress,hair,shoes,skin,sunglasses,sweatshirt,,,,,
0118.mat, null,bracelet,coat,hair,heels,pants,purse,scarf,skin,sweater,watch,,,
0119.mat, null,coat,hair,hat,loafers,pants,skin,sunglasses,t-shirt,,,,,
0120.mat, null,bag,blouse,coat,hair,jeans,scarf,shoes,skin,sunglasses,,,,
0121.mat, null,bag,blouse,cape,hair,loafers,skin,skirt,stockings,,,,,
0122.mat, null,bag,belt,blouse,hair,jeans,shoes,skin,,,,,,
0123.mat, null,bag,hair,pants,shirt,shoes,skin,suit,,,,,,
0124.mat, null,accessories,belt,blouse,hair,jeans,shoes,skin,sunglasses,,,,,
0125.mat, null,belt,blouse,coat,hair,pants,sandals,skin,,,,,,
0126.mat, null,bag,belt,dress,hair,sandals,skin,,,,,,,
0127.mat, null,bag,belt,hair,loafers,pants,skin,suit,tights,,,,,
0128.mat, null,accessories,bag,belt,blouse,coat,hair,jeans,scarf,shoes,skin,,,
0129.mat, null,bag,bracelet,dress,flats,hair,hat,skin,sunglasses,,,,,
0130.mat, null,accessories,bodysuit,hair,shoes,skin,sunglasses,,,,,,,
0131.mat, null,bag,blouse,dress,hair,skin,sunglasses,,,,,,,
0132.mat, null,bag,coat,hair,pants,shoes,skin,,,,,,,
0133.mat, null,accessories,bag,dress,hair,shoes,skin,sunglasses,sweater,,,,,
0134.mat, null,dress,hair,shoes,skin,sunglasses,,,,,,,,
0135.mat, null,bag,boots,hair,hat,leggings,shirt,skin,t-shirt,,,,,
0136.mat, null,accessories,bag,blouse,dress,hair,shoes,skin,sweater,,,,,
0137.mat, null,bag,boots,coat,dress,gloves,hair,leggings,scarf,skin,sunglasses,,,
0138.mat, null,accessories,bag,belt,bodysuit,hair,jeans,shoes,skin,,,,,
0139.mat, null,bag,boots,coat,hair,jeans,jumper,skin,socks,,,,,
0140.mat, null,bag,coat,hair,pants,skin,sunglasses,sweatshirt,,,,,,
0141.mat, null,bag,coat,glasses,gloves,hair,pants,skin,sneakers,sweater,,,,
0142.mat, null,cape,dress,hair,heels,skin,stockings,wallet,,,,,,
0143.mat, null,bag,hair,jeans,shoes,skin,sweater,,,,,,,
0144.mat, null,bag,boots,hair,jeans,skin,sweater,,,,,,,
0145.mat, null,accessories,bracelet,cape,hair,pants,ring,sandals,skin,watch,,,,
0146.mat, null,bag,bodysuit,hair,shoes,skin,skirt,,,,,,,
0147.mat, null,bag,coat,hair,scarf,shoes,skin,skirt,stockings,sunglasses,sweatshirt,,,
0148.mat, null,accessories,bag,dress,hair,shoes,skin,t-shirt,,,,,,
0149.mat, null,glasses,hair,jacket,jeans,loafers,skin,socks,t-shirt,,,,,
0150.mat, null,accessories,bag,belt,hair,jeans,shoes,skin,t-shirt,,,,,
0151.mat, null,bag,coat,shoes,skin,stockings,,,,,,,,
0152.mat, null,bag,coat,hair,pants,shoes,skin,sweater,,,,,,
0153.mat, null,bag,belt,dress,hair,shoes,skin,,,,,,,
0154.mat, null,bag,belt,hair,jeans,scarf,shoes,skin,sweater,,,,,
0155.mat, null,belt,coat,hair,necklace,pants,purse,shirt,shoes,skin,,,,
0156.mat, null,belt,coat,hair,pants,purse,scarf,shoes,skin,,,,,
0157.mat, null,accessories,blazer,blouse,hair,leggings,purse,shoes,skin,skirt,,,,
0158.mat, null,accessories,blouse,dress,hair,shoes,skin,sunglasses,,,,,,
0159.mat, null,belt,hair,hat,purse,shoes,skin,skirt,sunglasses,vest,,,,
0160.mat, null,accessories,dress,hair,necklace,shoes,skin,sunglasses,,,,,,
0161.mat, null,accessories,hair,pants,purse,shirt,shoes,skin,suit,sunglasses,,,,
0162.mat, null,belt,dress,hair,purse,shoes,skin,sunglasses,,,,,,
0163.mat, null,accessories,bag,dress,hair,shoes,skin,,,,,,,
0164.mat, null,hair,purse,shirt,shoes,skin,skirt,stockings,,,,,,
0165.mat, null,blazer,blouse,hair,purse,shoes,skin,skirt,,,,,,
0166.mat, null,belt,coat,hair,pants,purse,scarf,shirt,shoes,skin,socks,sunglasses,,
0167.mat, null,bag,coat,hair,hat,jumper,pants,sandals,scarf,skin,,,,
0168.mat, null,accessories,blazer,hair,pants,purse,shirt,shoes,skin,sunglasses,,,,
0169.mat, null,blazer,hair,shoes,skin,sunglasses,vest,,,,,,,
0170.mat, null,accessories,blouse,hair,purse,romper,shoes,skin,,,,,,
0171.mat, null,accessories,blouse,hair,jacket,purse,shoes,skin,skirt,stockings,,,,
0172.mat, null,hair,pants,shirt,shoes,skin,suit,,,,,,,
0173.mat, null,blazer,blouse,hair,purse,shoes,shorts,skin,,,,,,
0174.mat, null,blouse,hair,pants,purse,shoes,skin,sunglasses,,,,,,
0175.mat, null,accessories,dress,hair,shoes,skin,,,,,,,,
0176.mat, null,accessories,coat,glasses,hair,jeans,purse,shoes,skin,,,,,
0177.mat, null,belt,blouse,glasses,hair,pants,purse,shoes,skin,suit,,,,
0178.mat, null,accessories,coat,hair,purse,scarf,shoes,skin,skirt,sunglasses,sweater,,,
0179.mat, null,accessories,blouse,hair,pants,scarf,shoes,skin,sweatshirt,,,,,
0180.mat, null,accessories,blouse,hair,pants,shoes,skin,,,,,,,
0181.mat, null,hair,pants,purse,shirt,shoes,skin,sweater,,,,,,
0182.mat, null,hair,jeans,purse,shirt,shoes,skin,socks,sunglasses,,,,,
0183.mat, null,dress,hair,purse,shoes,skin,,,,,,,,
0184.mat, null,bag,blouse,dress,hair,hat,sandals,skin,,,,,,
0185.mat, null,bag,hair,sandals,skin,skirt,t-shirt,,,,,,,
0186.mat, null,bag,boots,hair,shorts,skin,t-shirt,,,,,,,
0187.mat, null,belt,blouse,hair,pants,purse,scarf,shoes,skin,sunglasses,,,,
0188.mat, null,dress,hair,shoes,skin,skirt,,,,,,,,
0189.mat, null,accessories,bag,coat,hair,pants,scarf,skin,sneakers,socks,,,,
0190.mat, null,accessories,hair,shoes,skin,skirt,t-shirt,,,,,,,
0191.mat, null,accessories,belt,hair,jeans,loafers,shirt,skin,tie,watch,,,,
0192.mat, null,accessories,coat,hair,pants,scarf,skin,sneakers,sweatshirt,,,,,
0193.mat, null,hair,pants,shoes,skin,t-shirt,,,,,,,,
0194.mat, null,dress,hair,purse,shoes,skin,sunglasses,,,,,,,
0195.mat, null,boots,dress,hair,skin,stockings,sweater,,,,,,,
0196.mat, null,blouse,hair,pants,purse,shoes,skin,sunglasses,,,,,,
0197.mat, null,bag,hair,jacket,jeans,shoes,skin,sunglasses,sweatshirt,,,,,
0198.mat, null,blazer,hair,necklace,pants,purse,sandals,skin,sunglasses,,,,,
0199.mat, null,bodysuit,hair,shoes,skin,,,,,,,,,
0200.mat, null,accessories,belt,bracelet,dress,glasses,hair,leggings,necklace,sandals,skin,,,
0201.mat, null,accessories,bag,belt,blouse,hair,pants,sandals,skin,vest,,,,
0202.mat, null,bag,bracelet,dress,hair,heels,skin,,,,,,,
0203.mat, null,bag,blouse,coat,hair,jeans,shoes,skin,,,,,,
0204.mat, null,belt,blouse,hair,shoes,skin,skirt,stockings,suit,,,,,
0205.mat, null,bag,dress,hair,sandals,skin,,,,,,,,
0206.mat, null,accessories,boots,dress,hair,skin,wallet,watch,,,,,,
0207.mat, null,belt,hair,jeans,shirt,shoes,skin,socks,suit,,,,,
0208.mat, null,coat,hair,pants,shirt,shoes,skin,socks,,,,,,
0209.mat, null,bag,coat,hair,jeans,shoes,skin,,,,,,,
0210.mat, null,accessories,bag,hair,pants,shoes,skin,vest,,,,,,
0211.mat, null,accessories,belt,hair,jacket,purse,shoes,skin,skirt,stockings,sweater,,,
0212.mat, null,bag,belt,dress,hair,shoes,skin,stockings,t-shirt,,,,,
0213.mat, null,bag,hair,jeans,shoes,skin,,,,,,,,
0214.mat, null,accessories,bag,dress,hair,shoes,skin,sunglasses,,,,,,
0215.mat, null,bag,coat,hair,heels,leggings,skin,,,,,,,
0216.mat, null,coat,dress,hair,shoes,skin,stockings,sunglasses,wallet,watch,,,,
0217.mat, null,bag,hair,loafers,pants,shirt,skin,sunglasses,,,,,,
0218.mat, null,accessories,hair,shorts,skin,sneakers,suit,t-shirt,,,,,,
0219.mat, null,bag,coat,hair,pants,scarf,skin,sweater,,,,,,
0220.mat, null,accessories,bag,belt,boots,coat,dress,hair,skin,stockings,watch,,,
0221.mat, null,accessories,belt,blouse,hair,jeans,shoes,skin,suit,,,,,
0222.mat, null,bag,blouse,boots,bracelet,hair,hat,skin,stockings,sweater,,,,
0223.mat, null,accessories,dress,hair,purse,shoes,skin,,,,,,,
0224.mat, null,coat,hair,pants,shoes,skin,sunglasses,,,,,,,
0225.mat, null,bag,belt,shirt,shoes,shorts,skin,,,,,,,
0226.mat, null,accessories,bag,hair,shoes,skin,skirt,sunglasses,sweater,,,,,
0227.mat, null,dress,hair,loafers,skin,top,,,,,,,,
0228.mat, null,bag,belt,blouse,hair,jeans,shoes,skin,,,,,,
0229.mat, null,bag,coat,hair,jeans,shoes,skin,,,,,,,
0230.mat, null,bag,dress,hair,shoes,skin,sweater,,,,,,,
0231.mat, null,bag,coat,hair,loafers,pants,scarf,skin,,,,,,
0232.mat, null,cape,flats,hair,pants,skin,,,,,,,,
0233.mat, null,cardigan,hair,loafers,pants,shirt,skin,socks,suit,tie,,,,
0234.mat, null,accessories,bag,hair,heels,jumper,skin,skirt,sunglasses,,,,,
0235.mat, null,bag,coat,dress,hair,ring,shoes,skin,,,,,,
0236.mat, null,accessories,bag,boots,bracelet,dress,hair,skin,sunglasses,sweater,tights,,,
0237.mat, null,bag,hair,shirt,shoes,shorts,skin,socks,,,,,,
0238.mat, null,accessories,belt,dress,hair,jeans,shoes,skin,stockings,,,,,
0239.mat, null,bag,dress,hair,shoes,skin,sunglasses,,,,,,,
0240.mat, null,accessories,bag,hair,shirt,shoes,shorts,skin,socks,vest,,,,
0241.mat, null,bag,coat,hair,jeans,shoes,skin,sunglasses,t-shirt,,,,,
0242.mat, null,bag,bodysuit,hair,shoes,skin,,,,,,,,
0243.mat, null,coat,hair,pants,shoes,skin,,,,,,,,
0244.mat, null,bracelet,hair,jeans,skin,sneakers,t-shirt,watch,,,,,,
0245.mat, null,accessories,belt,bracelet,hair,loafers,pants,shirt,skin,sunglasses,,,,
0246.mat, null,blouse,dress,hair,purse,shoes,skin,sunglasses,,,,,,
0247.mat, null,coat,hair,shoes,skin,skirt,,,,,,,,
0248.mat, null,hair,leggings,purse,shoes,skin,skirt,suit,tie,,,,,
0249.mat, null,hair,jacket,jeans,shirt,shoes,skin,,,,,,,
0250.mat, null,accessories,coat,hair,hat,purse,shoes,skin,skirt,sweater,,,,
0251.mat, null,belt,hair,purse,shirt,shoes,shorts,skin,socks,suit,,,,
0252.mat, null,glasses,hair,pants,shirt,shoes,skin,sweater,,,,,,
0253.mat, null,bag,hair,jumper,sandals,shorts,skin,sunglasses,,,,,,
0254.mat, null,glasses,hair,purse,shirt,shoes,shorts,skin,socks,suit,,,,
0255.mat, null,bag,boots,coat,hair,hat,jeans,scarf,skin,t-shirt,,,,
0256.mat, null,bag,belt,blouse,boots,coat,dress,hair,scarf,skin,stockings,sweater,,
0257.mat, null,belt,blazer,blouse,dress,hair,purse,shoes,skin,,,,,
0258.mat, null,dress,hair,shoes,skin,sunglasses,,,,,,,,
0259.mat, null,blouse,hair,pants,purse,skin,suit,,,,,,,
0260.mat, null,hair,leggings,purse,shoes,skin,skirt,sweatshirt,wallet,,,,,
0261.mat, null,bag,belt,bracelet,hair,pants,sandals,shirt,skin,sunglasses,watch,,,
0262.mat, null,accessories,blouse,hair,jeans,necklace,purse,shoes,skin,sunglasses,,,,
0263.mat, null,belt,hair,jacket,loafers,skin,skirt,top,watch,,,,,
0264.mat, null,coat,gloves,hair,leggings,purse,scarf,shoes,skin,skirt,sunglasses,,,
0265.mat, null,accessories,dress,hair,shoes,skin,,,,,,,,
0266.mat, null,belt,hair,pants,purse,shoes,skin,socks,sunglasses,tights,,,,
0267.mat, null,accessories,blazer,dress,hair,shoes,skin,sunglasses,wallet,,,,,
0268.mat, null,blazer,dress,hair,skin,,,,,,,,,
0269.mat, null,hair,necklace,shoes,shorts,skin,socks,suit,sweater,,,,,
0270.mat, null,accessories,blazer,blouse,hair,shoes,skin,skirt,sunglasses,,,,,
0271.mat, null,bag,belt,cardigan,dress,hair,sandals,scarf,skin,sunglasses,t-shirt,,,
0272.mat, null,accessories,blouse,hair,heels,purse,skin,skirt,sunglasses,watch,,,,
0273.mat, null,belt,blazer,dress,hair,shoes,skin,,,,,,,
0274.mat, null,hair,pants,purse,shirt,shoes,skin,suit,tie,,,,,
0275.mat, null,blazer,boots,hair,scarf,skin,skirt,sunglasses,,,,,,
0276.mat, null,accessories,blouse,hair,purse,skin,skirt,,,,,,,
0277.mat, null,accessories,blouse,hair,pants,purse,shoes,skin,vest,,,,,
0278.mat, null,accessories,belt,blouse,hair,hat,purse,shoes,skin,skirt,,,,
0279.mat, null,blouse,hair,purse,shoes,skin,skirt,,,,,,,
0280.mat, null,coat,hair,shoes,skin,wallet,,,,,,,,
0281.mat, null,blouse,hair,leggings,sandals,skin,top,,,,,,,
0282.mat, null,belt,blouse,coat,hair,purse,shoes,skin,skirt,socks,,,,
0283.mat, null,hair,pants,purse,shoes,skin,tights,,,,,,,
0284.mat, null,blouse,hair,jacket,purse,shoes,skin,skirt,,,,,,
0285.mat, null,accessories,hair,purse,shoes,skin,skirt,vest,,,,,,
0286.mat, null,accessories,coat,hair,hat,pants,purse,shoes,skin,,,,,
0287.mat, null,accessories,blouse,dress,hair,sandals,skin,sunglasses,,,,,,
0288.mat, null,bag,coat,hair,loafers,pants,shirt,skin,socks,,,,,
0289.mat, null,belt,coat,hair,pants,skin,sunglasses,sweater,,,,,,
0290.mat, null,dress,hair,skin,wedges,,,,,,,,,
0291.mat, null,accessories,dress,hair,hat,jeans,shoes,skin,suit,,,,,
0292.mat, null,accessories,hat,pants,shoes,skin,sweater,,,,,,,
0293.mat, null,bag,coat,dress,hair,shoes,skin,,,,,,,
0294.mat, null,bag,coat,hair,shoes,shorts,skin,sunglasses,t-shirt,,,,,
0295.mat, null,coat,hair,jeans,shoes,skin,sweatshirt,,,,,,,
0296.mat, null,bag,bodysuit,hair,jeans,shoes,skin,,,,,,,
0297.mat, null,bag,blouse,hair,shoes,skin,skirt,,,,,,,
0298.mat, null,blouse,boots,bracelet,coat,hair,skin,skirt,sunglasses,,,,,
0299.mat, null,bag,cardigan,hair,loafers,scarf,skin,skirt,stockings,,,,,
0300.mat, null,boots,hair,ring,shorts,skin,stockings,sunglasses,t-shirt,watch,,,,
0301.mat, null,blouse,coat,dress,hair,heels,skin,stockings,sunglasses,sweater,wallet,,,
0302.mat, null,accessories,hair,jumper,purse,shoes,skin,skirt,,,,,,
0303.mat, null,bag,coat,dress,hair,shoes,skin,sweater,,,,,,
0304.mat, null,bag,dress,shoes,skin,vest,,,,,,,,
0305.mat, null,bag,dress,shoes,skin,sunglasses,,,,,,,,
0306.mat, null,blouse,hair,purse,sandals,skin,skirt,,,,,,,
0307.mat, null,bag,hair,shirt,shoes,shorts,skin,socks,suit,tie,,,,
0308.mat, null,blouse,hair,shoes,shorts,skin,sunglasses,,,,,,,
0309.mat, null,dress,hair,purse,sandals,skin,sunglasses,,,,,,,
0310.mat, null,bag,hair,hat,loafers,pants,shirt,skin,socks,suit,tie,watch,,
0311.mat, null,bag,hat,jeans,shirt,shoes,skin,tie,vest,,,,,
0312.mat, null,hair,pants,shoes,skin,sunglasses,t-shirt,,,,,,,
0313.mat, null,bag,dress,hair,jacket,shoes,skin,,,,,,,
0314.mat, null,accessories,bag,belt,hair,pants,scarf,shoes,skin,sunglasses,sweater,,,
0315.mat, null,bag,coat,hair,pants,skin,t-shirt,wallet,,,,,,
0316.mat, null,bag,hair,pants,shoes,skin,vest,,,,,,,
0317.mat, null,bag,dress,shoes,skin,top,,,,,,,,
0318.mat, null,bracelet,dress,hat,heels,purse,skin,,,,,,,
0319.mat, null,bag,hair,sandals,skin,suit,,,,,,,,
0320.mat, null,coat,hair,jeans,shoes,skin,sweater,,,,,,,
0321.mat, null,bag,hair,jacket,jeans,shoes,skin,sweatshirt,,,,,,
0322.mat, null,bag,belt,coat,dress,hair,shoes,skin,,,,,,
0323.mat, null,accessories,bag,hair,jacket,jeans,jumper,shoes,skin,,,,,
0324.mat, null,accessories,bag,belt,hair,pants,shoes,skin,sweater,sweatshirt,,,,
0325.mat, null,bag,blouse,bracelet,dress,hair,hat,scarf,skin,vest,,,,
0326.mat, null,coat,hair,pants,shoes,skin,sweater,,,,,,,
0327.mat, null,coat,hair,purse,shoes,skin,skirt,stockings,,,,,,
0328.mat, null,bag,blouse,coat,hair,jeans,shoes,skin,,,,,,
0329.mat, null,bag,dress,hair,shoes,skin,sunglasses,sweater,,,,,,
0330.mat, null,bag,hair,pants,shoes,skin,sweater,,,,,,,
0331.mat, null,bag,dress,hair,shoes,skin,vest,,,,,,,
0332.mat, null,accessories,coat,hair,jeans,shoes,skin,sweater,,,,,,
0333.mat, null,bag,belt,coat,hair,shoes,shorts,skin,,,,,,
0334.mat, null,bag,boots,dress,hair,skin,sweater,,,,,,,
0335.mat, null,coat,dress,hair,shoes,skin,sunglasses,sweatshirt,,,,,,
0336.mat, null,bag,belt,coat,hat,pants,shirt,shoes,skin,vest,,,,
0337.mat, null,bag,hair,shoes,shorts,skin,vest,,,,,,,
0338.mat, null,accessories,hair,pants,purse,shoes,skin,sweater,vest,,,,,
0339.mat, null,blouse,dress,hair,jacket,shoes,skin,stockings,sunglasses,,,,,
0340.mat, null,blouse,hair,purse,shoes,skin,skirt,sunglasses,sweatshirt,,,,,
0341.mat, null,accessories,blazer,blouse,hair,jeans,purse,shoes,skin,suit,,,,
0342.mat, null,belt,coat,hair,jeans,scarf,shirt,shoes,skin,sweater,tie,watch,,
0343.mat, null,boots,cape,glasses,hair,skin,stockings,,,,,,,
0344.mat, null,dress,hair,pants,purse,shoes,skin,sunglasses,,,,,,
0345.mat, null,coat,hair,jeans,purse,shoes,skin,sunglasses,,,,,,
0346.mat, null,bag,hair,jacket,pants,shoes,skin,t-shirt,,,,,,
0347.mat, null,coat,hair,hat,pants,purse,scarf,shoes,skin,,,,,
0348.mat, null,coat,hair,jeans,purse,shirt,shoes,skin,,,,,,
0349.mat, null,blazer,dress,hair,purse,shoes,skin,,,,,,,
0350.mat, null,dress,hair,purse,shoes,skin,sunglasses,,,,,,,
0351.mat, null,accessories,hair,pants,shirt,shoes,skin,suit,,,,,,
0352.mat, null,blazer,hair,hat,shirt,shoes,skin,skirt,stockings,,,,,
0353.mat, null,dress,hair,hat,sandals,skin,sunglasses,,,,,,,
0354.mat, null,accessories,dress,hair,scarf,shoes,skin,,,,,,,
0355.mat, null,bag,bracelet,hair,sandals,skin,skirt,t-shirt,,,,,,
0356.mat, null,bag,bracelet,hair,hoodie,pants,skin,sneakers,t-shirt,watch,,,,
0357.mat, null,bag,blouse,hair,pants,shoes,skin,socks,sunglasses,,,,,
0358.mat, null,blouse,hair,purse,shoes,skin,skirt,,,,,,,
0359.mat, null,accessories,coat,hair,hat,pants,purse,shoes,skin,socks,sweater,,,
0360.mat, null,hair,purse,scarf,shoes,skin,skirt,vest,,,,,,
0361.mat, null,dress,hair,purse,shoes,skin,,,,,,,,
0362.mat, null,accessories,hair,pants,shirt,shoes,skin,suit,,,,,,
0363.mat, null,blouse,hair,purse,shoes,skin,skirt,suit,,,,,,
0364.mat, null,belt,pants,shirt,shoes,skin,suit,,,,,,,
0365.mat, null,hair,jumper,pants,shoes,skin,sunglasses,sweater,,,,,,
0366.mat, null,accessories,blazer,hair,jeans,shoes,skin,sunglasses,sweater,,,,,
0367.mat, null,coat,jumper,loafers,shorts,skin,stockings,t-shirt,,,,,,
0368.mat, null,blouse,cape,hair,pants,shoes,skin,,,,,,,
0369.mat, null,blouse,hair,pants,purse,shoes,skin,sunglasses,,,,,,
0370.mat, null,belt,dress,hair,jeans,purse,shoes,skin,,,,,,
0371.mat, null,bag,dress,hair,sandals,skin,,,,,,,,
0372.mat, null,accessories,hair,jacket,jeans,purse,shoes,skin,sunglasses,vest,,,,
0373.mat, null,accessories,blouse,hair,pants,shoes,skin,,,,,,,
0374.mat, null,accessories,belt,hair,pants,purse,shoes,skin,sunglasses,vest,,,,
0375.mat, null,accessories,blouse,hair,hat,jacket,pants,purse,shoes,skin,,,,
0376.mat, null,belt,hair,jeans,purse,shirt,shoes,skin,socks,suit,,,,
0377.mat, null,accessories,hair,purse,shirt,shoes,skin,suit,,,,,,
0378.mat, null,bag,dress,hair,heels,skin,stockings,sunglasses,,,,,,
0379.mat, null,bag,bodysuit,hair,shoes,skin,stockings,suit,sunglasses,,,,,
0380.mat, null,bag,dress,hair,pumps,skin,stockings,,,,,,,
0381.mat, null,dress,hair,purse,sandals,skin,sunglasses,,,,,,,
0382.mat, null,bag,blouse,coat,hair,shoes,skin,skirt,stockings,,,,,
0383.mat, null,bag,belt,hair,pants,sandals,skin,sunglasses,t-shirt,,,,,
0384.mat, null,bag,blouse,bracelet,coat,hair,jeans,shoes,skin,sunglasses,,,,
0385.mat, null,bag,boots,cape,dress,hair,skin,,,,,,,
0386.mat, null,blouse,hair,pants,shoes,skin,suit,,,,,,,
0387.mat, null,bag,cape,hair,shoes,skin,skirt,stockings,sunglasses,,,,,
0388.mat, null,hair,shoes,skin,skirt,vest,,,,,,,,
0389.mat, null,bag,belt,boots,hair,skin,skirt,stockings,sweater,,,,,
0390.mat, null,bag,blazer,hair,jeans,loafers,skin,,,,,,,
0391.mat, null,bag,hair,pants,sandals,shirt,skin,,,,,,,
0392.mat, null,bag,belt,hair,jeans,skin,sweatshirt,,,,,,,
0393.mat, null,bag,dress,hair,jumper,shoes,skin,sunglasses,,,,,,
0394.mat, null,bag,belt,blouse,hair,shoes,skin,skirt,,,,,,
0395.mat, null,accessories,bag,hair,shoes,shorts,skin,sunglasses,sweater,,,,,
0396.mat, null,bracelet,hair,sandals,skin,skirt,sweater,,,,,,,
0397.mat, null,coat,dress,gloves,hair,necklace,sandals,skin,stockings,,,,,
0398.mat, null,hair,pants,shoes,skin,sunglasses,t-shirt,,,,,,,
0399.mat, null,bag,belt,hair,shirt,shoes,shorts,skin,sunglasses,,,,,
0400.mat, null,bag,hair,pants,shoes,skin,suit,,,,,,,
0401.mat, null,accessories,belt,hair,jeans,shoes,skin,vest,,,,,,
0402.mat, null,bag,belt,coat,hair,jumper,pants,shoes,skin,,,,,
0403.mat, null,accessories,bag,dress,hair,shoes,skin,,,,,,,
0404.mat, null,bag,hair,heels,romper,skin,sunglasses,,,,,,,
0405.mat, null,bag,belt,dress,hair,shoes,skin,sunglasses,,,,,,
0406.mat, null,bag,blouse,coat,hair,jeans,shoes,skin,,,,,,
0407.mat, null,belt,dress,hair,shoes,skin,,,,,,,,
0408.mat, null,bag,belt,hair,pants,shoes,skin,sunglasses,t-shirt,,,,,
0409.mat, null,belt,blouse,hair,pants,shoes,skin,,,,,,,
0410.mat, null,bag,hair,pants,shirt,shoes,skin,,,,,,,
0411.mat, null,accessories,bag,blouse,dress,hair,shoes,skin,,,,,,
0412.mat, null,blouse,hat,jeans,shoes,skin,suit,,,,,,,
0413.mat, null,bag,boots,dress,hair,skin,stockings,watch,,,,,,
0414.mat, null,accessories,bag,hair,jeans,shoes,skin,t-shirt,,,,,,
0415.mat, null,bag,hair,hat,jeans,pants,shirt,shoes,skin,,,,,
0416.mat, null,dress,hair,jacket,skin,top,,,,,,,,
0417.mat, null,hair,pants,shirt,shoes,skin,socks,suit,sunglasses,,,,,
0418.mat, null,bag,boots,cape,hair,shorts,skin,top,,,,,,
0419.mat, null,bag,coat,hair,jeans,shoes,skin,sweatshirt,,,,,,
0420.mat, null,accessories,bag,belt,blazer,hair,pants,shirt,shoes,skin,socks,sunglasses,,
0421.mat, null,bag,belt,blazer,boots,bracelet,hair,jeans,skin,,,,,
0422.mat, null,coat,dress,hair,shoes,skin,stockings,,,,,,,
0423.mat, null,bag,coat,dress,hair,shoes,skin,stockings,,,,,,
0424.mat, null,bag,coat,hair,jeans,shoes,skin,sweater,,,,,,
0425.mat, null,accessories,dress,hair,purse,skin,,,,,,,,
0426.mat, null,bag,coat,hair,jeans,shoes,skin,sweater,,,,,,
0427.mat, null,hair,pants,shirt,shoes,skin,,,,,,,,
0428.mat, null,accessories,bag,blouse,dress,hair,purse,shoes,skin,sunglasses,,,,
0429.mat, null,dress,hair,shoes,skin,sweater,,,,,,,,
0430.mat, null,bag,boots,coat,gloves,hair,leggings,scarf,shorts,skin,t-shirt,,,
0431.mat, null,blazer,hair,leggings,scarf,shoes,skin,skirt,,,,,,
0432.mat, null,hair,pants,shoes,skin,sunglasses,top,,,,,,,
0433.mat, null,hair,scarf,shoes,shorts,skin,socks,sweater,,,,,,
0434.mat, null,blazer,hair,purse,shirt,shoes,skin,skirt,sunglasses,,,,,
0435.mat, null,blouse,hair,jeans,purse,shoes,skin,sunglasses,,,,,,
0436.mat, null,belt,dress,hair,hat,purse,shoes,skin,stockings,,,,,
0437.mat, null,blazer,hair,jeans,purse,shoes,skin,,,,,,,
0438.mat, null,coat,hair,purse,shirt,shoes,skin,skirt,stockings,sweater,,,,
0439.mat, null,accessories,belt,blouse,hair,purse,romper,shoes,skin,sunglasses,,,,
0440.mat, null,accessories,belt,blouse,hair,jacket,purse,shoes,skin,skirt,,,,
0441.mat, null,belt,hair,shoes,skin,skirt,vest,,,,,,,
0442.mat, null,blouse,hair,hat,jacket,leggings,necklace,purse,shoes,skin,sunglasses,,,
0443.mat, null,blouse,bracelet,hair,leggings,purse,shoes,skin,skirt,sunglasses,,,,
0444.mat, null,bracelet,coat,hair,purse,shirt,shoes,skin,skirt,,,,,
0445.mat, null,hair,jacket,pants,scarf,shirt,shoes,skin,sweatshirt,,,,,
0446.mat, null,blazer,hat,pants,purse,shoes,skin,t-shirt,,,,,,
0447.mat, null,accessories,dress,hair,jacket,leggings,shoes,skin,sunglasses,,,,,
0448.mat, null,bag,boots,bracelet,dress,hair,skin,,,,,,,
0449.mat, null,blazer,hair,pants,shirt,shoes,skin,,,,,,,
0450.mat, null,hair,pants,scarf,shirt,shoes,skin,suit,,,,,,
0451.mat, null,accessories,dress,hair,shoes,skin,top,vest,watch,,,,,
0452.mat, null,belt,blazer,hair,pants,shirt,shoes,skin,socks,sunglasses,,,,
0453.mat, null,accessories,blouse,hair,pants,purse,shirt,shoes,skin,sunglasses,,,,
0454.mat, null,accessories,bracelet,dress,hair,scarf,shoes,skin,watch,,,,,
0455.mat, null,bag,glasses,hair,pants,shirt,shoes,skin,suit,sweater,,,,
0456.mat, null,accessories,belt,blouse,hair,purse,shoes,skin,skirt,sunglasses,,,,
0457.mat, null,belt,blouse,hair,pants,purse,shoes,skin,sunglasses,,,,,
0458.mat, null,bag,coat,hair,jeans,shirt,shoes,skin,,,,,,
0459.mat, null,hair,pants,purse,shoes,skin,sunglasses,t-shirt,,,,,,
0460.mat, null,accessories,blouse,hair,pants,purse,shoes,skin,sunglasses,,,,,
0461.mat, null,blazer,hair,purse,shoes,skin,skirt,sunglasses,sweater,,,,,
0462.mat, null,belt,blazer,hair,shirt,shoes,shorts,skin,sunglasses,,,,,
0463.mat, null,accessories,blouse,dress,hair,jeans,purse,shoes,skin,sunglasses,,,,
0464.mat, null,bag,blouse,coat,hair,shoes,skin,skirt,,,,,,
0465.mat, null,accessories,bag,hair,shoes,shorts,skin,socks,t-shirt,,,,,
0466.mat, null,hair,shirt,shoes,skin,skirt,suit,,,,,,,
0467.mat, null,bag,shirt,shoes,shorts,skin,socks,sweater,,,,,,
0468.mat, null,hair,hat,pants,shirt,shoes,skin,,,,,,,
0469.mat, null,coat,hair,pants,scarf,shirt,shoes,skin,,,,,,
0470.mat, null,accessories,blazer,dress,hair,jeans,shirt,shoes,skin,,,,,
0471.mat, null,accessories,hair,jacket,leggings,shirt,shoes,skin,skirt,,,,,
0472.mat, null,dress,hair,shoes,skin,sweater,sweatshirt,,,,,,,
0473.mat, null,bag,belt,coat,hair,pants,shoes,skin,sunglasses,top,,,,
0474.mat, null,bag,blouse,coat,glasses,hair,jeans,shoes,skin,,,,,
0475.mat, null,bag,coat,hair,jumper,shoes,skin,stockings,sunglasses,,,,,
0476.mat, null,coat,hair,purse,shoes,skin,skirt,stockings,sunglasses,,,,,
0477.mat, null,accessories,bag,coat,hair,jeans,shoes,skin,sweatshirt,,,,,
0478.mat, null,bag,hair,jeans,shoes,skin,t-shirt,,,,,,,
0479.mat, null,bag,blouse,cardigan,dress,flats,hat,skin,,,,,,
0480.mat, null,boots,hair,necklace,pants,skin,skirt,suit,sunglasses,top,,,,
0481.mat, null,bag,coat,hair,jeans,shoes,skin,,,,,,,
0482.mat, null,bag,dress,hair,shoes,skin,stockings,sweater,,,,,,
0483.mat, null,bag,blouse,dress,hair,shoes,skin,sunglasses,,,,,,
0484.mat, null,blouse,flats,hair,shorts,skin,sunglasses,sweater,,,,,,
0485.mat, null,bag,hair,pants,shoes,skin,sunglasses,sweater,,,,,,
0486.mat, null,bag,blouse,hair,jacket,jeans,shoes,skin,,,,,,
0487.mat, null,bag,blazer,hair,shoes,skin,skirt,top,watch,,,,,
0488.mat, null,dress,hair,jacket,shoes,skin,,,,,,,,
0489.mat, null,accessories,hair,shoes,skin,skirt,t-shirt,,,,,,,
0490.mat, null,hair,shorts,skin,sneakers,socks,suit,t-shirt,,,,,,
0491.mat, null,accessories,belt,hair,jacket,jeans,shoes,skin,sweatshirt,,,,,
0492.mat, null,accessories,bag,coat,hair,jeans,shoes,skin,sunglasses,t-shirt,,,,
0493.mat, null,accessories,bag,coat,dress,hair,shoes,skin,,,,,,
0494.mat, null,bag,coat,hair,pants,shoes,skin,t-shirt,,,,,,
0495.mat, null,bag,bracelet,dress,hair,shoes,skin,,,,,,,
0496.mat, null,bag,cape,hat,shoes,shorts,skin,t-shirt,,,,,,
0497.mat, null,bag,hair,pants,shoes,skin,vest,,,,,,,
0498.mat, null,bag,blazer,dress,hair,leggings,shoes,skin,,,,,,
0499.mat, null,blouse,hair,hat,shoes,skin,skirt,,,,,,,
0500.mat, null,accessories,belt,blouse,hair,jeans,shoes,skin,socks,sunglasses,,,,
0501.mat, null,bag,hair,pants,skin,sunglasses,t-shirt,,,,,,,
0502.mat, null,bag,blouse,coat,hair,shoes,skin,skirt,sunglasses,,,,,
0503.mat, null,bag,hair,jeans,shoes,skin,t-shirt,,,,,,,
0504.mat, null,bag,belt,blouse,hair,pants,shoes,skin,,,,,,
0505.mat, null,accessories,coat,hair,hat,pants,shirt,shoes,skin,tie,,,,
0506.mat, null,bag,belt,blouse,boots,bracelet,hair,skin,skirt,sunglasses,,,,
0507.mat, null,bag,blazer,boots,dress,hat,skin,stockings,,,,,,
0508.mat, null,hair,jeans,purse,shoes,skin,suit,sweatshirt,,,,,,
0509.mat, null,accessories,blouse,coat,hair,pants,shoes,skin,,,,,,
0510.mat, null,accessories,bag,hair,shoes,shorts,skin,sunglasses,sweatshirt,,,,,
0511.mat, null,accessories,bag,coat,hair,pants,shoes,skin,sweatshirt,,,,,
0512.mat, null,blouse,cape,hair,sandals,skin,skirt,,,,,,,
0513.mat, null,blouse,coat,hair,pants,shoes,skin,,,,,,,
0514.mat, null,bag,bracelet,cardigan,flats,hair,skin,skirt,top,,,,,
0515.mat, null,hair,pants,shoes,skin,sweater,,,,,,,,
0516.mat, null,blazer,blouse,hair,hat,jeans,shoes,skin,,,,,,
0517.mat, null,belt,hair,shoes,skin,skirt,sunglasses,vest,,,,,,
0518.mat, null,blazer,hair,hat,purse,shirt,shoes,shorts,skin,,,,,
0519.mat, null,accessories,hair,pants,purse,shirt,shoes,skin,suit,,,,,
0520.mat, null,hair,jeans,purse,shoes,skin,sunglasses,t-shirt,,,,,,
0521.mat, null,accessories,hair,purse,shoes,skin,skirt,t-shirt,,,,,,
0522.mat, null,accessories,hair,jacket,pants,purse,shirt,shoes,skin,,,,,
0523.mat, null,hair,pants,shirt,shoes,skin,socks,suit,,,,,,
0524.mat, null,blazer,blouse,hair,hat,pants,purse,shoes,skin,,,,,
0525.mat, null,hair,hat,jacket,pants,skin,sneakers,sweatshirt,,,,,,
0526.mat, null,accessories,hair,purse,shoes,skin,skirt,sweater,,,,,,
0527.mat, null,hair,pants,purse,shirt,shoes,skin,suit,,,,,,
0528.mat, null,blazer,dress,hair,purse,skin,,,,,,,,
0529.mat, null,belt,hair,hat,jacket,pants,purse,shirt,shoes,skin,,,,
0530.mat, null,bag,blouse,hair,jacket,jeans,shoes,skin,,,,,,
0531.mat, null,belt,blouse,hair,purse,shoes,skin,skirt,,,,,,
0532.mat, null,accessories,blazer,hair,necklace,pants,shirt,shoes,skin,sunglasses,wallet,,,
0533.mat, null,bag,coat,dress,hair,leggings,shoes,skin,top,,,,,
0534.mat, null,belt,blouse,hair,jeans,purse,shoes,skin,suit,,,,,
0535.mat, null,blouse,hair,pants,purse,shoes,skin,sunglasses,,,,,,
0536.mat, null,,,,,,,,,,,,,
0537.mat, null,accessories,hair,purse,shirt,shoes,skin,skirt,sunglasses,,,,,
0538.mat, null,bag,coat,hair,shoes,skin,skirt,stockings,top,,,,,
0539.mat, null,accessories,hair,pants,purse,shirt,shoes,skin,,,,,,
0540.mat, null,accessories,belt,blouse,hair,jacket,shoes,skin,skirt,sunglasses,,,,
0541.mat, null,blazer,blouse,hair,hat,jeans,purse,shoes,skin,,,,,
0542.mat, null,blazer,hair,pants,shirt,shoes,skin,,,,,,,
0543.mat, null,accessories,dress,hair,leggings,shoes,skin,sunglasses,vest,,,,,
0544.mat, null,dress,hair,purse,shoes,skin,,,,,,,,
0545.mat, null,bracelet,coat,dress,hair,ring,shoes,skin,stockings,wallet,,,,
0546.mat, null,belt,blazer,dress,hair,shoes,skin,,,,,,,
0547.mat, null,hair,pants,purse,shoes,skin,sunglasses,sweater,,,,,,
0548.mat, null,accessories,bag,hair,jeans,jumper,shoes,skin,sunglasses,,,,,
0549.mat, null,accessories,bag,hair,jumper,pants,shoes,skin,sunglasses,,,,,
0550.mat, null,hair,romper,skin,,,,,,,,,,
0551.mat, null,belt,hair,pants,scarf,shoes,skin,suit,vest,,,,,
0552.mat, null,dress,hair,shoes,skin,suit,sunglasses,,,,,,,
0553.mat, null,bag,blouse,hair,shoes,skin,skirt,,,,,,,
0554.mat, null,accessories,bag,blouse,coat,hair,shoes,skin,skirt,,,,,
0555.mat, null,accessories,dress,hair,jumper,purse,shoes,skin,,,,,,
0556.mat, null,bracelet,cardigan,hair,pants,scarf,shoes,skin,top,,,,,
0557.mat, null,coat,gloves,hair,jeans,shoes,skin,sunglasses,,,,,,
0558.mat, null,bag,hair,jeans,shirt,shoes,skin,sweater,,,,,,
0559.mat, null,bag,blazer,hair,sandals,shorts,skin,sunglasses,top,,,,,
0560.mat, null,accessories,hair,pants,sandals,skin,top,,,,,,,
0561.mat, null,bag,hair,shoes,shorts,skin,vest,,,,,,,
0562.mat, null,bag,dress,hair,shoes,skin,,,,,,,,
0563.mat, null,bag,belt,coat,dress,hair,shoes,skin,stockings,sweatshirt,,,,
0564.mat, null,blouse,boots,coat,hair,shorts,skin,stockings,sunglasses,tie,,,,
0565.mat, null,dress,hair,jeans,shoes,skin,t-shirt,,,,,,,
0566.mat, null,accessories,hair,jacket,jeans,shoes,skin,,,,,,,
0567.mat, null,bag,belt,blouse,coat,hair,hat,pants,shoes,skin,,,,
0568.mat, null,bag,coat,hair,pumps,shorts,skin,sunglasses,,,,,,
0569.mat, null,bag,hair,shoes,shorts,skin,socks,t-shirt,,,,,,
0570.mat, null,accessories,bag,hair,pants,shoes,skin,sunglasses,vest,,,,,
0571.mat, null,accessories,bag,hair,shoes,shorts,skin,suit,t-shirt,,,,,
0572.mat, null,hair,shoes,skin,skirt,t-shirt,,,,,,,,
0573.mat, null,bag,coat,hair,pumps,skin,stockings,,,,,,,
0574.mat, null,bag,hair,shirt,shoes,shorts,skin,sunglasses,,,,,,
0575.mat, null,bracelet,hair,heels,pants,skin,sunglasses,top,,,,,,
0576.mat, null,bag,boots,cape,dress,gloves,hair,hat,skin,stockings,,,,
0577.mat, null,bag,blouse,coat,hair,pants,shoes,skin,sunglasses,,,,,
0578.mat, null,cardigan,coat,dress,hair,leggings,shoes,skin,,,,,,
0579.mat, null,bag,blouse,coat,hair,pants,shoes,skin,suit,,,,,
0580.mat, null,accessories,bag,dress,hair,shoes,skin,sweater,,,,,,
0581.mat, null,bag,blouse,hair,pants,shoes,skin,,,,,,,
0582.mat, null,accessories,bag,hair,shoes,shorts,skin,sunglasses,t-shirt,vest,,,,
0583.mat, null,bag,blazer,coat,hair,hat,shoes,skin,skirt,stockings,,,,
0584.mat, null,bag,blouse,hair,ring,shoes,skin,skirt,sunglasses,sweater,watch,,,
0585.mat, null,bag,blouse,dress,hair,shoes,skin,sunglasses,,,,,,
0586.mat, null,bag,belt,hair,jeans,shoes,skin,t-shirt,,,,,,
0587.mat, null,bag,coat,hair,jumper,pants,shoes,skin,sunglasses,,,,,
0588.mat, null,accessories,bag,belt,blouse,hair,pants,shoes,skin,suit,,,,
0589.mat, null,bag,coat,hair,pants,scarf,shoes,skin,sweater,,,,,
0590.mat, null,bag,belt,coat,hair,shoes,skin,skirt,stockings,sweatshirt,,,,
0591.mat, null,bag,shoes,skin,skirt,sweater,t-shirt,,,,,,,
0592.mat, null,bag,blouse,coat,hair,pants,shoes,skin,,,,,,
0593.mat, null,boots,bracelet,dress,hair,ring,scarf,skin,watch,,,,,
0594.mat, null,blouse,dress,hair,purse,sandals,skin,sunglasses,,,,,,
0595.mat, null,hair,pants,shirt,shoes,skin,suit,,,,,,,
0596.mat, null,belt,hair,pants,shirt,shoes,skin,,,,,,,
0597.mat, null,bag,blouse,dress,hair,jacket,scarf,shoes,skin,,,,,
0598.mat, null,bag,bracelet,hair,pants,sandals,scarf,shirt,skin,,,,,
0599.mat, null,bag,belt,coat,gloves,hair,romper,shoes,skin,,,,,
0600.mat, null,bag,belt,blouse,hair,pants,pumps,skin,sunglasses,,,,,
0601.mat, null,bag,boots,hair,hat,jacket,leggings,skin,sunglasses,top,,,,
0602.mat, null,hair,hat,jeans,shoes,skin,suit,sweater,,,,,,
0603.mat, null,bag,bracelet,hair,pants,shoes,skin,sweater,,,,,,
0604.mat, null,blazer,blouse,hair,pants,purse,shoes,skin,,,,,,
0605.mat, null,accessories,dress,hair,shoes,skin,sunglasses,,,,,,,
0606.mat, null,accessories,hair,pants,purse,shirt,shoes,skin,,,,,,
0607.mat, null,accessories,dress,hair,purse,shoes,skin,,,,,,,
0608.mat, null,accessories,belt,hair,hat,jeans,purse,shirt,shoes,skin,sunglasses,,,
0609.mat, null,cape,hair,jeans,shoes,skin,,,,,,,,
0610.mat, null,dress,hair,purse,shoes,skin,,,,,,,,
0611.mat, null,accessories,blazer,blouse,hair,pants,scarf,shoes,skin,sunglasses,,,,
0612.mat, null,bag,hair,pants,shirt,shoes,skin,socks,,,,,,
0613.mat, null,hair,pants,shirt,shoes,skin,suit,,,,,,,
0614.mat, null,accessories,belt,hair,purse,shoes,skin,skirt,t-shirt,,,,,
0615.mat, null,accessories,blazer,dress,hair,purse,shoes,skin,socks,,,,,
0616.mat, null,bracelet,dress,hair,purse,shoes,skin,sunglasses,,,,,,
0617.mat, null,belt,glasses,hat,pants,purse,shirt,shoes,skin,socks,suit,,,
0618.mat, null,accessories,hair,jeans,purse,shirt,shoes,skin,,,,,,
0619.mat, null,bag,belt,dress,hair,shoes,skin,t-shirt,,,,,,
0620.mat, null,accessories,hair,pants,purse,shirt,shoes,skin,suit,,,,,
0621.mat, null,bag,coat,hair,pants,shoes,skin,top,,,,,,
0622.mat, null,accessories,blouse,hair,shoes,skin,skirt,sweatshirt,,,,,,
0623.mat, null,coat,dress,hair,necklace,purse,shoes,skin,sunglasses,,,,,
0624.mat, null,bracelet,dress,hair,purse,shoes,skin,,,,,,,
0625.mat, null,accessories,blazer,blouse,hair,pants,shoes,skin,,,,,,
0626.mat, null,accessories,belt,blouse,glasses,hair,shirt,shoes,shorts,skin,,,,
0627.mat, null,bracelet,hair,purse,scarf,shoes,skin,skirt,vest,,,,,
0628.mat, null,blouse,hair,purse,shoes,skin,skirt,suit,sunglasses,,,,,
0629.mat, null,accessories,hair,pants,purse,shirt,shoes,skin,suit,sunglasses,,,,
0630.mat, null,dress,hair,pumps,skin,stockings,,,,,,,,
0631.mat, null,bag,cardigan,dress,hair,shoes,skin,top,,,,,,
0632.mat, null,hair,shirt,shoes,skin,skirt,socks,sunglasses,,,,,,
0633.mat, null,bag,dress,hair,sandals,scarf,skin,watch,,,,,,
0634.mat, null,boots,hair,shorts,skin,t-shirt,,,,,,,,
0635.mat, null,dress,hair,sandals,skin,sunglasses,tie,,,,,,,
0636.mat, null,glasses,hair,pants,shirt,shoes,skin,suit,tie,,,,,
0637.mat, null,accessories,bracelet,dress,hair,purse,shoes,skin,sunglasses,,,,,
0638.mat, null,bag,hair,shoes,skin,skirt,sweater,,,,,,,
0639.mat, null,bag,bracelet,hair,pants,shoes,skin,top,,,,,,
0640.mat, null,bag,blazer,bracelet,dress,hair,shoes,skin,sunglasses,,,,,
0641.mat, null,bag,hair,shoes,skin,skirt,stockings,vest,,,,,,
0642.mat, null,belt,blazer,blouse,hair,shoes,skin,skirt,stockings,sunglasses,,,,
0643.mat, null,bag,belt,hair,hat,heels,jacket,pants,shirt,skin,,,,
0644.mat, null,bag,hair,jeans,shoes,skin,suit,sunglasses,,,,,,
0645.mat, null,bag,belt,hair,sandals,skin,skirt,top,,,,,,
0646.mat, null,accessories,bag,hat,jeans,shoes,skin,t-shirt,,,,,,
0647.mat, null,bag,blouse,hair,jeans,pumps,skin,sunglasses,,,,,,
0648.mat, null,bag,dress,hair,shoes,skin,sunglasses,sweater,sweatshirt,,,,,
0649.mat, null,coat,hair,jeans,shoes,skin,sunglasses,sweater,,,,,,
0650.mat, null,bag,bracelet,coat,hair,pants,shoes,skin,t-shirt,,,,,
0651.mat, null,hair,shoes,skin,skirt,sweater,,,,,,,,
0652.mat, null,hair,jeans,romper,shoes,skin,stockings,,,,,,,
0653.mat, null,bag,belt,bracelet,dress,hair,sandals,skin,,,,,,
0654.mat, null,hair,pants,shirt,shoes,skin,suit,,,,,,,
0655.mat, null,dress,hair,shoes,skin,suit,sweatshirt,,,,,,,
0656.mat, null,boots,dress,hair,skin,,,,,,,,,
0657.mat, null,bag,belt,coat,hair,pants,shirt,shoes,skin,tie,vest,,,
0658.mat, null,bag,cape,hair,shoes,skin,,,,,,,,
0659.mat, null,dress,hair,shoes,skin,,,,,,,,,
0660.mat, null,blouse,coat,hair,jeans,shoes,skin,sunglasses,,,,,,
0661.mat, null,accessories,blouse,coat,hair,leggings,shoes,skin,skirt,sunglasses,,,,
0662.mat, null,blouse,coat,hat,jeans,shoes,skin,,,,,,,
0663.mat, null,bag,belt,blazer,blouse,hair,shoes,skin,skirt,stockings,sunglasses,,,
0664.mat, null,coat,dress,hair,purse,shoes,skin,top,,,,,,
0665.mat, null,bag,blouse,hair,jeans,shoes,skin,,,,,,,
0666.mat, null,accessories,bag,hair,shoes,skin,skirt,t-shirt,,,,,,
0667.mat, null,accessories,cape,hair,shoes,skin,stockings,,,,,,,
0668.mat, null,boots,hair,jacket,pants,skin,,,,,,,,
0669.mat, null,accessories,bag,blouse,hair,shoes,skin,skirt,sunglasses,,,,,
0670.mat, null,hair,jeans,shoes,skin,sweater,,,,,,,,
0671.mat, null,bag,hair,jacket,jeans,shoes,skin,sunglasses,t-shirt,,,,,
0672.mat, null,bag,boots,coat,hair,leggings,skin,skirt,,,,,,
0673.mat, null,bag,coat,dress,hair,shoes,skin,stockings,,,,,,
0674.mat, null,hair,purse,romper,shoes,skin,sunglasses,,,,,,,
0675.mat, null,blouse,hat,shoes,shorts,skin,,,,,,,,
0676.mat, null,blouse,hair,jeans,purse,romper,shoes,skin,,,,,,
0677.mat, null,bag,boots,coat,dress,hair,skin,t-shirt,,,,,,
0678.mat, null,hair,jacket,pants,shirt,shoes,skin,,,,,,,
0679.mat, null,bracelet,dress,hair,heels,skin,,,,,,,,
0680.mat, null,bag,blouse,hair,shoes,skin,skirt,sunglasses,,,,,,
0681.mat, null,bag,dress,hair,pants,sandals,skin,,,,,,,
0682.mat, null,accessories,bag,blouse,hair,pants,shoes,skin,sunglasses,,,,,
0683.mat, null,hair,purse,romper,shoes,skin,,,,,,,,
0684.mat, null,belt,blouse,dress,hair,sandals,skin,sunglasses,wallet,,,,,
0685.mat, null,accessories,hair,romper,shoes,skin,sunglasses,sweatshirt,,,,,,
0686.mat, null,bag,coat,hair,jeans,shoes,skin,,,,,,,
0687.mat, null,coat,hair,shirt,shoes,skin,skirt,sunglasses,,,,,,
0688.mat, null,belt,dress,hair,purse,shoes,skin,,,,,,,
0689.mat, null,dress,hair,purse,shoes,skin,,,,,,,,
0690.mat, null,accessories,dress,hair,purse,shoes,skin,,,,,,,
0691.mat, null,hair,purse,shoes,skin,skirt,t-shirt,,,,,,,
0692.mat, null,coat,hair,purse,shirt,shoes,skin,sunglasses,,,,,,
0693.mat, null,bag,blazer,hair,pants,shoes,skin,top,,,,,,
0694.mat, null,accessories,dress,hair,purse,shoes,skin,sunglasses,,,,,,
0695.mat, null,belt,blouse,coat,hair,pants,purse,shoes,skin,,,,,
0696.mat, null,blazer,dress,hair,purse,shoes,skin,,,,,,,
0697.mat, null,bag,bracelet,hair,pants,shirt,shoes,skin,sunglasses,,,,,
0698.mat, null,belt,glasses,hair,pants,purse,shirt,shoes,skin,,,,,
0699.mat, null,accessories,blazer,hair,pants,shirt,shoes,skin,socks,sunglasses,,,,
0700.mat, null,blazer,blouse,hair,purse,shoes,skin,skirt,,,,,,
0701.mat, null,accessories,belt,hair,jeans,purse,shirt,shoes,skin,,,,,
0702.mat, null,hair,pants,purse,shirt,shoes,skin,suit,,,,,,
0703.mat, null,dress,hair,leggings,purse,shoes,skin,,,,,,,
0704.mat, null,blazer,hair,hat,leggings,shoes,skin,skirt,vest,,,,,
0705.mat, null,bag,belt,hair,jeans,shoes,skin,top,,,,,,
0706.mat, null,hair,pants,shoes,skin,t-shirt,,,,,,,,
0707.mat, null,accessories,belt,blouse,bracelet,hair,pants,shoes,skin,,,,,
0708.mat, null,accessories,bracelet,hair,purse,shirt,shoes,skin,skirt,,,,,
0709.mat, null,belt,blouse,hair,pants,purse,shoes,skin,suit,,,,,
0710.mat, null,gloves,hair,hat,pants,purse,shirt,skin,suit,tie,,,,
0711.mat, null,bracelet,coat,hair,leggings,purse,shirt,shoes,skin,,,,,
0712.mat, null,accessories,dress,hair,shoes,skin,,,,,,,,
0713.mat, null,accessories,hair,pants,purse,shoes,skin,t-shirt,,,,,,
0714.mat, null,coat,hat,jeans,sandals,skin,,,,,,,,
0715.mat, null,bracelet,coat,hair,hat,jeans,shoes,skin,skirt,wallet,,,,
0716.mat, null,belt,dress,hair,purse,shoes,skin,sunglasses,,,,,,
0717.mat, null,hair,hat,pants,shirt,shoes,skin,,,,,,,
0718.mat, null,blouse,hair,purse,shoes,skin,skirt,sunglasses,,,,,,
0719.mat, null,accessories,coat,hair,purse,scarf,shirt,shoes,skin,skirt,socks,,,
0720.mat, null,blazer,blouse,hair,hat,pants,shoes,skin,sunglasses,,,,,
0721.mat, null,accessories,hair,leggings,purse,shirt,shoes,skin,,,,,,
0722.mat, null,blouse,hair,purse,shoes,skin,skirt,sunglasses,,,,,,
0723.mat, null,belt,hair,pants,shirt,shoes,skin,tie,,,,,,
0724.mat, null,bag,belt,coat,gloves,hair,pants,scarf,shoes,skin,sunglasses,,,
0725.mat, null,bag,coat,hair,leggings,shoes,skin,sunglasses,,,,,,
0726.mat, null,coat,hair,shoes,shorts,skin,stockings,top,,,,,,
0727.mat, null,bag,bracelet,coat,flats,hair,pants,skin,sweater,,,,,
0728.mat, null,belt,bracelet,dress,hair,shoes,skin,wallet,,,,,,
0729.mat, null,bag,blouse,hair,pants,shoes,skin,,,,,,,
0730.mat, null,accessories,bag,dress,hair,shoes,skin,,,,,,,
0731.mat, null,accessories,bag,belt,blouse,hair,shoes,shorts,skin,,,,,
0732.mat, null,bag,coat,hair,romper,shoes,skin,sunglasses,,,,,,
0733.mat, null,accessories,bag,coat,dress,hair,shoes,skin,stockings,,,,,
0734.mat, null,bag,hair,pants,skin,sweater,,,,,,,,
0735.mat, null,hair,loafers,pants,scarf,skin,suit,tights,vest,,,,,
0736.mat, null,bag,bracelet,dress,hair,hat,shoes,skin,sweatshirt,,,,,
0737.mat, null,bag,hair,hat,jeans,shirt,shoes,skin,sunglasses,,,,,
0738.mat, null,bag,belt,bra,hair,pants,skin,vest,,,,,,
0739.mat, null,hair,jeans,shoes,skin,t-shirt,,,,,,,,
0740.mat, null,gloves,hair,jacket,romper,shoes,skin,,,,,,,
0741.mat, null,bag,coat,dress,hair,shoes,skin,stockings,sweater,,,,,
0742.mat, null,bag,belt,coat,hair,pants,skin,sweater,,,,,,
0743.mat, null,blazer,bracelet,dress,hat,pants,shirt,shoes,skin,,,,,
0744.mat, null,hat,shoes,shorts,skin,t-shirt,,,,,,,,
0745.mat, null,bag,coat,hair,pants,shoes,skin,sweater,,,,,,
0746.mat, null,bag,belt,hair,jeans,jumper,shoes,skin,sunglasses,,,,,
0747.mat, null,accessories,blouse,hair,jacket,pants,skin,sunglasses,,,,,,
0748.mat, null,coat,dress,hair,hat,shoes,skin,,,,,,,
0749.mat, null,bag,bracelet,hair,pants,shoes,skin,sunglasses,t-shirt,,,,,
0750.mat, null,bag,blouse,dress,hair,shoes,skin,stockings,sweater,,,,,
0751.mat, null,hair,pants,shoes,skin,vest,,,,,,,,
0752.mat, null,bag,belt,hair,jeans,jumper,shoes,skin,,,,,,
0753.mat, null,bag,hair,leggings,shoes,skin,top,,,,,,,
0754.mat, null,hair,shoes,skin,t-shirt,tights,,,,,,,,
0755.mat, null,accessories,bag,blouse,hair,jeans,shoes,skin,skirt,,,,,
0756.mat, null,coat,hair,purse,shoes,skin,skirt,sweatshirt,,,,,,
0757.mat, null,accessories,bag,blouse,dress,hair,shoes,skin,,,,,,
0758.mat, null,bag,boots,hair,hat,jacket,necklace,pants,skin,top,,,,
0759.mat, null,hair,necklace,pants,shoes,skin,sunglasses,t-shirt,,,,,,
0760.mat, null,hair,jumper,pants,shoes,skin,,,,,,,,
0761.mat, null,bag,coat,hair,jeans,scarf,shoes,skin,skirt,sunglasses,,,,
0762.mat, null,blouse,hair,shoes,shorts,skin,suit,,,,,,,
0763.mat, null,bracelet,dress,hair,sandals,skin,sunglasses,top,,,,,,
0764.mat, null,bag,belt,blazer,hair,pants,shoes,skin,sunglasses,t-shirt,,,,
0765.mat, null,bag,dress,hair,shoes,skin,sunglasses,sweater,,,,,,
0766.mat, null,bag,blouse,dress,hair,shoes,skin,,,,,,,
0767.mat, null,bag,belt,hair,jumper,pants,shoes,skin,socks,suit,,,,
0768.mat, null,bag,blouse,bracelet,dress,hair,shoes,skin,sunglasses,,,,,
0769.mat, null,accessories,bag,blazer,blouse,hair,pants,shoes,skin,,,,,
0770.mat, null,bag,belt,blouse,coat,hair,jeans,shoes,skin,sunglasses,,,,
0771.mat, null,bag,blazer,dress,hair,shoes,skin,sweatshirt,,,,,,
0772.mat, null,bag,dress,earrings,hair,shoes,skin,sunglasses,,,,,,
0773.mat, null,bag,coat,hair,jeans,shirt,shoes,skin,sunglasses,,,,,
0774.mat, null,bag,belt,blazer,dress,hair,scarf,shoes,skin,stockings,,,,
0775.mat, null,coat,hair,jeans,shoes,skin,sunglasses,sweater,,,,,,
0776.mat, null,dress,hair,shoes,skin,sunglasses,,,,,,,,
0777.mat, null,accessories,bag,coat,dress,hat,shoes,skin,,,,,,
0778.mat, null,bag,dress,hair,shoes,skin,socks,suit,t-shirt,,,,,
0779.mat, null,bag,coat,dress,hair,shoes,skin,sunglasses,t-shirt,,,,,
0780.mat, null,bag,belt,dress,hair,shoes,skin,,,,,,,
0781.mat, null,bag,blouse,coat,hair,jeans,shoes,skin,,,,,,
0782.mat, null,bag,dress,hair,shoes,skin,,,,,,,,
0783.mat, null,bag,blazer,boots,dress,hair,skin,,,,,,,
0784.mat, null,belt,bracelet,dress,hair,purse,shoes,skin,sunglasses,,,,,
0785.mat, null,belt,blouse,hair,pants,purse,shoes,skin,,,,,,
0786.mat, null,accessories,bracelet,hair,pants,purse,scarf,shoes,skin,vest,,,,
0787.mat, null,bag,boots,bra,coat,hair,leggings,skin,top,watch,,,,
0788.mat, null,hair,pants,shirt,shoes,skin,,,,,,,,
0789.mat, null,accessories,hair,pants,shirt,shoes,skin,suit,,,,,,
0790.mat, null,blazer,hair,jeans,purse,scarf,shirt,shoes,skin,,,,,
0791.mat, null,hair,pants,scarf,shirt,shoes,skin,socks,suit,,,,,
0792.mat, null,accessories,blazer,dress,hair,hat,leggings,purse,shoes,skin,,,,
0793.mat, null,blouse,hair,purse,shoes,skin,skirt,,,,,,,
0794.mat, null,belt,hat,pants,purse,shirt,shoes,skin,suit,,,,,
0795.mat, null,hair,jacket,pants,shirt,shoes,skin,,,,,,,
0796.mat, null,belt,blouse,coat,gloves,hair,pants,purse,shoes,skin,,,,
0797.mat, null,cape,hair,jeans,shirt,shoes,skin,,,,,,,
0798.mat, null,blouse,hair,hat,jacket,purse,shoes,skin,skirt,socks,vest,,,
0799.mat, null,belt,blazer,blouse,hair,pants,purse,shoes,skin,,,,,
0800.mat, null,dress,hair,jacket,purse,shirt,shoes,skin,,,,,,
0801.mat, null,accessories,hair,jeans,shoes,skin,sweater,wallet,,,,,,
0802.mat, null,hat,purse,shirt,shoes,shorts,skin,,,,,,,
0803.mat, null,coat,dress,hair,necklace,purse,shoes,skin,,,,,,
0804.mat, null,hair,hat,jacket,leggings,purse,shirt,shoes,skin,skirt,,,,
0805.mat, null,blouse,bracelet,hair,leggings,shoes,skin,skirt,,,,,,
0806.mat, null,accessories,belt,hair,necklace,purse,shoes,skin,skirt,vest,,,,
0807.mat, null,bag,cardigan,hair,scarf,shoes,skin,skirt,stockings,sweater,,,,
0808.mat, null,accessories,blazer,hair,pants,purse,shirt,shoes,skin,sunglasses,vest,,,
0809.mat, null,coat,hair,pants,purse,shoes,skin,sweater,sweatshirt,,,,,
0810.mat, null,hair,pants,shoes,skin,sweater,,,,,,,,
0811.mat, null,bag,blazer,bracelet,hair,pants,sandals,skin,sunglasses,t-shirt,,,,
0812.mat, null,bag,coat,hair,leggings,shoes,skin,skirt,t-shirt,,,,,
0813.mat, null,blazer,hair,pants,purse,shoes,skin,t-shirt,,,,,,
0814.mat, null,blazer,hair,jeans,purse,shirt,shoes,skin,sunglasses,,,,,
0815.mat, null,accessories,belt,hair,pants,purse,shirt,shoes,skin,,,,,
0816.mat, null,blazer,hat,jacket,pants,shirt,shoes,skin,socks,,,,,
0817.mat, null,hair,purse,shirt,shoes,skin,skirt,,,,,,,
0818.mat, null,bag,hair,pants,shirt,shoes,skin,,,,,,,
0819.mat, null,accessories,hair,jacket,leggings,purse,shirt,shoes,skin,skirt,,,,
0820.mat, null,hair,pants,shoes,skin,socks,suit,,,,,,,
0821.mat, null,bracelet,hair,shoes,shorts,skin,t-shirt,,,,,,,
0822.mat, null,hair,pants,shirt,shoes,skin,suit,,,,,,,
0823.mat, null,bracelet,hair,purse,shoes,shorts,skin,t-shirt,,,,,,
0824.mat, null,accessories,hair,pants,shirt,shoes,skin,suit,,,,,,
0825.mat, null,accessories,blouse,hair,jacket,pants,shoes,skin,,,,,,
0826.mat, null,accessories,blouse,hair,shoes,skin,skirt,,,,,,,
0827.mat, null,hair,jeans,purse,shirt,shoes,skin,sweater,,,,,,
0828.mat, null,accessories,bag,belt,blouse,hair,jeans,shoes,skin,sunglasses,,,,
0829.mat, null,bag,belt,coat,hair,shoes,skin,skirt,sweatshirt,,,,,
0830.mat, null,accessories,bag,belt,hair,romper,shoes,skin,,,,,,
0831.mat, null,belt,hair,jeans,shoes,skin,sunglasses,t-shirt,,,,,,
0832.mat, null,accessories,belt,cardigan,hair,pants,shoes,skin,sweatshirt,,,,,
0833.mat, null,bag,coat,hair,romper,shoes,skin,stockings,,,,,,
0834.mat, null,bag,belt,bracelet,hair,pants,shoes,skin,top,,,,,
0835.mat, null,bag,dress,hair,necklace,sandals,skin,,,,,,,
0836.mat, null,bag,blouse,coat,hair,shoes,skin,skirt,,,,,,
0837.mat, null,coat,hair,shoes,skin,stockings,sunglasses,,,,,,,
0838.mat, null,bag,dress,hair,jacket,shoes,skin,t-shirt,,,,,,
0839.mat, null,dress,hair,sandals,skin,sunglasses,,,,,,,,
0840.mat, null,dress,hair,hat,skin,,,,,,,,,
0841.mat, null,bracelet,hair,romper,shoes,skin,,,,,,,,
0842.mat, null,bag,belt,dress,hair,jacket,jumper,shoes,skin,,,,,
0843.mat, null,coat,hair,hat,jeans,shoes,skin,sweatshirt,,,,,,
0844.mat, null,accessories,bag,hair,jeans,shoes,skin,sweatshirt,,,,,,
0845.mat, null,bag,hair,pants,sandals,skin,top,,,,,,,
0846.mat, null,accessories,bag,hair,romper,shoes,skin,,,,,,,
0847.mat, null,bag,hair,hat,shoes,skin,skirt,socks,sunglasses,sweater,,,,
0848.mat, null,bag,dress,hat,jacket,shoes,skin,,,,,,,
0849.mat, null,hair,pants,shoes,skin,sweater,,,,,,,,
0850.mat, null,bag,blouse,hair,jacket,pants,sandals,skin,,,,,,
0851.mat, null,blouse,coat,hair,pants,shoes,skin,,,,,,,
0852.mat, null,accessories,bag,belt,jacket,pants,shoes,skin,sunglasses,,,,,
0853.mat, null,bag,bracelet,dress,hair,necklace,scarf,shoes,skin,sunglasses,,,,
0854.mat, null,dress,hair,sandals,skin,,,,,,,,,
0855.mat, null,bag,coat,hair,romper,shoes,skin,stockings,,,,,,
0856.mat, null,bag,blazer,blouse,dress,hair,shoes,skin,,,,,,
0857.mat, null,bag,belt,hair,pants,scarf,shirt,shoes,skin,,,,,
0858.mat, null,bag,dress,hair,sandals,skin,sunglasses,top,,,,,,
0859.mat, null,bag,belt,hair,jacket,shirt,shoes,shorts,skin,,,,,
0860.mat, null,belt,dress,hair,sandals,skin,sunglasses,top,,,,,,
0861.mat, null,boots,hair,jacket,pants,shirt,skin,vest,,,,,,
0862.mat, null,hair,loafers,pants,skin,suit,t-shirt,,,,,,,
0863.mat, null,belt,blazer,hair,jeans,shoes,skin,vest,,,,,,
0864.mat, null,hair,jacket,pants,shoes,skin,sweatshirt,,,,,,,
0865.mat, null,bag,belt,boots,coat,dress,hair,hat,skin,stockings,,,,
0866.mat, null,coat,hair,pants,shirt,shoes,skin,sunglasses,sweater,,,,,
0867.mat, null,accessories,bag,coat,dress,hat,shoes,skin,top,,,,,
0868.mat, null,hair,skin,sunglasses,vest,,,,,,,,,
0869.mat, null,bag,coat,hair,hat,pants,shoes,skin,top,,,,,
0870.mat, null,belt,dress,hair,shoes,skin,,,,,,,,
0871.mat, null,hair,shoes,skin,skirt,vest,,,,,,,,
0872.mat, null,bag,blouse,dress,hair,shoes,skin,suit,sunglasses,,,,,
0873.mat, null,accessories,bag,pants,scarf,shirt,shoes,skin,suit,sunglasses,tie,,,
0874.mat, null,bag,hair,shirt,shoes,skin,skirt,suit,,,,,,
0875.mat, null,accessories,bag,coat,dress,hair,shoes,skin,stockings,,,,,
0876.mat, null,bag,hair,pants,shirt,shoes,skin,sweater,,,,,,
0877.mat, null,dress,hair,sandals,skin,sweater,,,,,,,,
0878.mat, null,bag,belt,hair,pants,shirt,shoes,skin,,,,,,
0879.mat, null,bag,coat,hair,jeans,shoes,skin,sweatshirt,,,,,,
0880.mat, null,bag,blouse,dress,hair,shoes,skin,sunglasses,,,,,,
0881.mat, null,bag,hair,pants,scarf,shoes,skin,sweater,,,,,,
0882.mat, null,bag,cardigan,hair,shirt,shoes,shorts,skin,sunglasses,,,,,
0883.mat, null,bag,hair,pants,shoes,skin,t-shirt,vest,,,,,,
0884.mat, null,blazer,dress,hair,leggings,purse,shoes,skin,sunglasses,,,,,
0885.mat, null,hair,pants,purse,scarf,shoes,skin,socks,suit,,,,,
0886.mat, null,blouse,hair,leggings,shoes,skin,skirt,suit,,,,,,
0887.mat, null,accessories,blazer,bracelet,hair,jacket,shirt,shoes,skin,skirt,,,,
0888.mat, null,accessories,dress,hair,purse,shoes,skin,suit,,,,,,
0889.mat, null,accessories,belt,hair,purse,shirt,shoes,skin,skirt,vest,,,,
0890.mat, null,belt,hair,jacket,jeans,scarf,shirt,shoes,skin,,,,,
0891.mat, null,hair,purse,shirt,shoes,skin,skirt,socks,,,,,,
0892.mat, null,hair,pants,purse,shirt,shoes,skin,suit,,,,,,
0893.mat, null,bag,blazer,blouse,dress,hair,shoes,skin,,,,,,
0894.mat, null,bag,belt,boots,bracelet,coat,hair,pants,scarf,skin,,,,
0895.mat, null,coat,hair,pants,shirt,shoes,skin,sunglasses,,,,,,
0896.mat, null,accessories,bag,belt,hair,romper,shoes,skin,stockings,,,,,
0897.mat, null,belt,blouse,hair,jeans,shoes,skin,suit,,,,,,
0898.mat, null,accessories,blouse,coat,hair,pants,purse,skin,sunglasses,,,,,
0899.mat, null,bag,dress,hair,shoes,skin,,,,,,,,
0900.mat, null,bag,coat,dress,hair,hat,shoes,skin,socks,,,,,
0901.mat, null,blouse,hair,pants,purse,shoes,skin,,,,,,,
0902.mat, null,accessories,bag,hat,jeans,shirt,shoes,skin,suit,tie,,,,
0903.mat, null,bag,dress,hair,shoes,skin,sweatshirt,,,,,,,
0904.mat, null,accessories,bag,coat,hair,scarf,shoes,skin,skirt,stockings,,,,
0905.mat, null,coat,hair,pants,purse,shoes,skin,sweatshirt,,,,,,
0906.mat, null,belt,hat,jeans,shirt,shoes,skin,suit,sunglasses,tie,vest,,,
0907.mat, null,cardigan,coat,dress,hair,hat,shirt,shoes,skin,sunglasses,,,,
0908.mat, null,accessories,bag,blazer,hair,romper,shoes,skin,sunglasses,,,,,
0909.mat, null,hair,jeans,shirt,shoes,skin,,,,,,,,
0910.mat, null,bag,blouse,hair,jeans,shoes,skin,sunglasses,,,,,,
0911.mat, null,bag,hair,shoes,skin,skirt,stockings,sunglasses,sweater,,,,,
0912.mat, null,accessories,bag,blouse,hair,jeans,shoes,skin,,,,,,
0913.mat, null,bag,blouse,hair,pants,shoes,skin,suit,sunglasses,,,,,
0914.mat, null,accessories,bag,coat,hair,shoes,shorts,skin,vest,,,,,
0915.mat, null,hat,pants,shoes,skin,socks,sweater,,,,,,,
0916.mat, null,belt,blouse,coat,hair,jeans,shoes,skin,,,,,,
0917.mat, null,accessories,hair,jeans,scarf,shoes,skin,sweater,,,,,,
0918.mat, null,bag,blazer,blouse,boots,coat,hair,skin,sunglasses,,,,,
0919.mat, null,bag,coat,hair,leggings,sandals,skin,,,,,,,
0920.mat, null,coat,dress,hat,pumps,ring,skin,stockings,,,,,,
0921.mat, null,bag,dress,hair,shoes,skin,sunglasses,,,,,,,
0922.mat, null,accessories,bag,belt,coat,hair,pants,shoes,skin,sunglasses,sweatshirt,,,
0923.mat, null,bag,cape,dress,hair,shoes,skin,sunglasses,,,,,,
0924.mat, null,blazer,bodysuit,hair,shoes,skin,sunglasses,,,,,,,
0925.mat, null,coat,hair,shirt,shoes,shorts,skin,socks,,,,,,
0926.mat, null,coat,hair,jumper,shoes,skin,skirt,stockings,,,,,,
0927.mat, null,bag,blazer,dress,hair,shoes,skin,sunglasses,sweatshirt,,,,,
0928.mat, null,belt,hair,pants,shoes,skin,sunglasses,top,,,,,,
0929.mat, null,bag,dress,hair,sandals,skin,,,,,,,,
0930.mat, null,blouse,hair,hat,pants,shoes,skin,,,,,,,
0931.mat, null,bag,bracelet,hair,heels,skin,skirt,sunglasses,t-shirt,,,,,
0932.mat, null,bag,blouse,hair,shoes,shorts,skin,,,,,,,
0933.mat, null,dress,hair,necklace,shoes,skin,top,wallet,,,,,,
0934.mat, null,bag,coat,hair,pants,shoes,skin,t-shirt,,,,,,
0935.mat, null,bag,blazer,hair,necklace,sandals,shorts,skin,sunglasses,top,,,,
0936.mat, null,bag,blazer,hair,leggings,pumps,skin,sunglasses,sweater,,,,,
0937.mat, null,bag,blouse,bracelet,coat,dress,hair,shoes,skin,sunglasses,,,,
0938.mat, null,bag,hair,pants,shoes,skin,t-shirt,,,,,,,
0939.mat, null,bag,boots,hair,hat,pants,skin,sweater,,,,,,
0940.mat, null,bag,dress,hair,shoes,skin,stockings,,,,,,,
0941.mat, null,bag,hair,hat,pants,sandals,shirt,skin,top,watch,,,,
0942.mat, null,bag,cape,necklace,shoes,skin,tights,,,,,,,
0943.mat, null,bag,coat,hair,jeans,shoes,skin,top,,,,,,
0944.mat, null,bag,hair,pants,shoes,skin,sunglasses,t-shirt,watch,,,,,
0945.mat, null,hair,jeans,shirt,shoes,skin,suit,,,,,,,
0946.mat, null,dress,hair,necklace,purse,sandals,skin,sunglasses,t-shirt,,,,,
0947.mat, null,bag,hair,shoes,shorts,skin,socks,suit,t-shirt,,,,,
0948.mat, null,dress,hair,necklace,shoes,skin,stockings,top,,,,,,
0949.mat, null,bag,belt,hair,hat,jeans,shoes,skin,sweater,,,,,
0950.mat, null,bag,hair,shirt,shorts,skin,sneakers,socks,sunglasses,watch,,,,
0951.mat, null,accessories,bag,blazer,hair,pants,shoes,skin,top,wallet,,,,
0952.mat, null,bag,belt,hair,pants,shoes,skin,t-shirt,,,,,,
0953.mat, null,dress,hair,sandals,skin,sunglasses,,,,,,,,
0954.mat, null,belt,boots,coat,hair,hat,pants,shirt,skin,suit,,,,
0955.mat, null,bag,coat,flats,gloves,hair,romper,skin,,,,,,
0956.mat, null,coat,hair,pants,shirt,shoes,skin,,,,,,,
0957.mat, null,bag,blouse,boots,dress,hair,purse,skin,,,,,,
0958.mat, null,bag,bracelet,dress,hair,hat,ring,shoes,skin,sunglasses,,,,
0959.mat, null,coat,hair,sandals,skin,wallet,,,,,,,,
0960.mat, null,coat,hair,hat,pants,skin,sneakers,,,,,,,
0961.mat, null,bag,hair,shoes,skin,skirt,t-shirt,,,,,,,
0962.mat, null,bag,coat,dress,hair,shoes,skin,,,,,,,
0963.mat, null,bag,cape,dress,hair,sandals,skin,sunglasses,sweater,,,,,
0964.mat, null,boots,coat,hair,hat,pants,scarf,skin,,,,,,
0965.mat, null,bracelet,dress,hair,necklace,shoes,skin,,,,,,,
0966.mat, null,bag,dress,hair,shoes,skin,t-shirt,,,,,,,
0967.mat, null,hair,hat,shoes,skin,skirt,top,,,,,,,
0968.mat, null,belt,dress,hair,shirt,shoes,skin,sweater,,,,,,
0969.mat, null,dress,hair,shoes,skin,sunglasses,,,,,,,,
0970.mat, null,bag,bracelet,coat,hair,hat,pants,shoes,skin,sweater,,,,
0971.mat, null,boots,bracelet,dress,hair,necklace,skin,wallet,,,,,,
0972.mat, null,bag,blouse,dress,hair,sandals,skin,,,,,,,
0973.mat, null,bag,coat,hair,pants,shoes,skin,sunglasses,t-shirt,,,,,
0974.mat, null,dress,hair,sandals,skin,,,,,,,,,
0975.mat, null,bag,blazer,hair,pants,shoes,skin,t-shirt,,,,,,
0976.mat, null,bag,belt,bracelet,dress,hair,sandals,skin,t-shirt,,,,,
0977.mat, null,boots,dress,hair,skin,sunglasses,wallet,watch,,,,,,
0978.mat, null,dress,hair,sandals,skin,,,,,,,,,
0979.mat, null,accessories,bag,belt,dress,hair,necklace,sandals,skin,top,,,,
0980.mat, null,bag,hair,pants,shoes,skin,top,,,,,,,
0981.mat, null,bag,coat,hair,pants,shoes,skin,top,,,,,,
0982.mat, null,bag,bracelet,hair,romper,sandals,skin,,,,,,,
0983.mat, null,belt,coat,hair,pants,shoes,skin,t-shirt,,,,,,
0984.mat, null,bag,blouse,hair,jeans,shoes,skin,,,,,,,
0985.mat, null,bag,belt,cape,dress,hat,shoes,skin,sunglasses,,,,,
0986.mat, null,bag,hair,shoes,skin,skirt,socks,sunglasses,top,,,,,
0987.mat, null,bag,hair,pants,shirt,skin,sneakers,suit,sweater,watch,,,,
0988.mat, null,bag,blazer,dress,hair,shoes,skin,,,,,,,
0989.mat, null,hair,jacket,pants,shirt,shoes,skin,sunglasses,tie,,,,,
0990.mat, null,accessories,coat,dress,hair,shoes,skin,sunglasses,,,,,,
0991.mat, null,bag,bracelet,dress,hair,jacket,shoes,skin,sunglasses,,,,,
0992.mat, null,blazer,blouse,boots,hair,skin,skirt,,,,,,,
0993.mat, null,dress,hair,jacket,shoes,skin,,,,,,,,
0994.mat, null,bag,belt,bracelet,hair,hat,necklace,pants,shoes,skin,socks,sweater,,
0995.mat, null,bag,belt,bracelet,dress,hair,jacket,necklace,shoes,skin,socks,t-shirt,,
0996.mat, null,bag,blazer,hair,jeans,sandals,shirt,skin,,,,,,
0997.mat, null,hair,romper,sandals,skin,watch,,,,,,,,
0998.mat, null,bag,cape,hair,shoes,skin,stockings,top,,,,,,
0999.mat, null,bag,belt,hair,pants,shoes,skin,top,,,,,,
1000.mat, null,bag,belt,hair,leggings,romper,shoes,skin,stockings,sunglasses,,,,
1001.mat, null,bag,hair,shoes,skin,skirt,sweater,,,,,,,
1002.mat, null,hair,jacket,shirt,shoes,skin,skirt,,,,,,,
1003.mat, null,bag,hair,jacket,pants,shoes,skin,sunglasses,top,,,,,
1004.mat, null,bag,hair,pants,shoes,skin,sunglasses,sweater,,,,,,
